strain	divergence	excess divergence	#Ns	#gaps	clusters	gaps	all_snps	gap_list
USA/CUIMC-NP-5443/2021	36	5.73	21	19		11286-11295,21763-21769,21990-21993,28269-28270	240,3036,3266,4899,5387,5985,6953,7764,12161,14407,14675,15278,15719,16175,17614,20106,21136,23062,23270,23402,23603,23708,24505,24913,25134,25459,27971,28047,28110,28279,28280,28281,28880,28881,28882,28976	11286,11287,11288,11289,11290,11291,11292,11293,11294,21763,21764,21765,21766,21767,21768,21990,21991,21992,28269
USA/CUIMC-NP-5277/2021	35	5.0	18	19		11286-11295,21763-21769,21990-21993,28269-28270	240,2109,3003,3036,3266,5387,5985,6953,7041,14119,14407,14675,15278,16175,23062,23270,23402,23603,23708,24505,24913,25459,26109,27971,28047,28094,28110,28279,28280,28281,28803,28880,28881,28882,28976	11286,11287,11288,11289,11290,11291,11292,11293,11294,21763,21764,21765,21766,21767,21768,21990,21991,21992,28269
USA/CUIMC-NP-5445/2021	35	4.73	22	19		11286-11295,21763-21769,21990-21993,28269-28270	240,3036,3266,4899,5387,5985,6953,7764,12161,14407,14675,15278,15719,16175,17614,20106,21136,23062,23270,23402,23603,23708,24505,24913,25134,27971,28047,28110,28279,28280,28281,28880,28881,28882,28976	11286,11287,11288,11289,11290,11291,11292,11293,11294,21763,21764,21765,21766,21767,21768,21990,21991,21992,28269
USA/NP-5103/2021	34	nan	22	19		11286-11295,21763-21769,21990-21993,28269-28270	240,3036,3266,5387,5985,6953,11082,12161,14407,14675,15278,15719,16175,17614,21136,23062,23270,23402,23603,23708,24505,24913,25134,27971,28047,28110,28279,28280,28281,28880,28881,28882,28976,29271	11286,11287,11288,11289,11290,11291,11292,11293,11294,21763,21764,21765,21766,21767,21768,21990,21991,21992,28269
USA/CUIMC-NP-5226/2021	33	3.0	25	19		11286-11295,21763-21769,21990-21993,28269-28270	240,3036,3266,5387,5985,6953,8602,9585,14407,14675,15278,16175,17614,23062,23270,23402,23603,23708,24505,24913,24918,25436,25611,27971,28047,28110,28279,28280,28281,28880,28881,28882,28976	11286,11287,11288,11289,11290,11291,11292,11293,11294,21763,21764,21765,21766,21767,21768,21990,21991,21992,28269
USA/CUIMC-NP-5388/2021	33	2.59	46	19		11286-11295,21763-21769,21990-21993,28269-28270	240,2109,2277,3036,3266,5387,5985,6953,7983,14119,14407,14675,15278,16175,19389,23062,23270,23402,23603,23708,24505,24913,27971,28047,28094,28110,28279,28280,28281,28880,28881,28882,28976	11286,11287,11288,11289,11290,11291,11292,11293,11294,21763,21764,21765,21766,21767,21768,21990,21991,21992,28269
USA/NP-4594/2021	33	nan	2270	19		11286-11295,21763-21769,21990-21993,28269-28270	240,912,3036,3266,5387,5985,6953,7041,10154,14119,14407,14675,15278,16175,17761,23062,23270,23402,23603,23708,24505,24913,27971,28047,28094,28110,28279,28280,28281,28880,28881,28882,28976	11286,11287,11288,11289,11290,11291,11292,11293,11294,21763,21764,21765,21766,21767,21768,21990,21991,21992,28269
USA/NP-4649/2021	33	nan	18	19		11286-11295,21763-21769,21990-21993,28269-28270	240,334,912,3036,3266,5387,5985,6953,8602,14407,14675,15278,16175,17614,23062,23270,23402,23603,23708,24505,24913,25436,27971,28047,28110,28279,28280,28281,28371,28880,28881,28882,28976	11286,11287,11288,11289,11290,11291,11292,11293,11294,21763,21764,21765,21766,21767,21768,21990,21991,21992,28269
USA/NP-5091/2021	33	nan	114	19		11286-11295,21763-21769,21990-21993,28269-28270	240,2458,3036,3266,4275,5387,5985,6953,8602,12115,14407,14675,15278,16175,17614,23062,23270,23402,23603,23708,24505,24913,25436,27971,28047,28110,28279,28280,28281,28880,28881,28882,28976	11286,11287,11288,11289,11290,11291,11292,11293,11294,21763,21764,21765,21766,21767,21768,21990,21991,21992,28269
USA/CUIMC-NP-5285/2021	32	1.93	20	19		11286-11295,21763-21769,21990-21993,28269-28270	240,2109,3036,3266,5387,5985,6953,7041,14119,14407,14675,15278,16175,17761,23062,23270,23402,23603,23708,24505,24913,27971,28047,28094,28110,28279,28280,28281,28880,28881,28882,28976	11286,11287,11288,11289,11290,11291,11292,11293,11294,21763,21764,21765,21766,21767,21768,21990,21991,21992,28269
USA/CUIMC-NP-5385/2021	32	1.59	19	19		11286-11295,21763-21769,21990-21993,28269-28270	240,3036,3266,4184,5387,5985,6953,8602,11781,14407,14675,15278,16175,17614,23062,23270,23402,23603,23708,24505,24913,25436,27971,28047,28110,28279,28280,28281,28880,28881,28882,28976	11286,11287,11288,11289,11290,11291,11292,11293,11294,21763,21764,21765,21766,21767,21768,21990,21991,21992,28269
USA/NP-4650/2021	32	nan	889	19		11286-11295,21763-21769,21990-21993,28269-28270	240,912,1440,3036,3266,5387,5985,6953,7041,14119,14407,14675,15278,16175,23062,23270,23402,23603,23708,24414,24913,27971,28047,28094,28110,28279,28280,28281,28880,28881,28882,28976	11286,11287,11288,11289,11290,11291,11292,11293,11294,21763,21764,21765,21766,21767,21768,21990,21991,21992,28269
USA/NP-4686/2021	31	nan	24	0			240,712,1058,2209,2387,2826,3036,3410,5825,7755,8817,9213,10152,10284,10888,13251,13388,14266,14407,19676,19973,23011,23063,23402,25562,25820,25903,28210,28279,28886,29448	
USA/CUIMC-NP-5298/2021	30	0.07	295	10		11286-11295,28269-28270	240,3036,3266,5387,5985,6953,14407,14546,14675,15278,16175,22029,23062,23270,23402,23603,23708,24505,24913,25995,27971,28047,28110,28279,28280,28281,28880,28881,28882,28976	11286,11287,11288,11289,11290,11291,11292,11293,11294,28269
USA/NP-5082/2021	29	nan	2550	19		11286-11295,21763-21769,21990-21993,28269-28270	240,3036,3266,5387,7983,14119,14407,14675,15278,16175,23062,23270,23402,23603,23708,24505,24913,27971,28002,28047,28094,28110,28279,28280,28281,28880,28881,28882,28976	11286,11287,11288,11289,11290,11291,11292,11293,11294,21763,21764,21765,21766,21767,21768,21990,21991,21992,28269
USA/NP-4561/2021	28	nan	18	33		11286-11295,28269-28270,29736-29759	240,1058,3036,6100,7200,8808,9072,9866,10506,10662,11364,14407,16499,16744,19100,20261,21574,21845,22319,22991,23402,24431,25562,25967,27738,27924,28310,28878	11286,11287,11288,11289,11290,11291,11292,11293,11294,28269,29736,29737,29738,29739,29740,29741,29742,29743,29744,29745,29746,29747,29748,29749,29750,29751,29752,29753,29754,29755,29756,29757,29758
USA/CUIMC-NP-5210/2021	27	-2.59	30	10		11286-11295,28269-28270	240,1058,1101,3036,6100,7200,9866,10449,11664,11749,12864,14407,16499,16793,20261,21057,21574,21845,22319,23402,23663,25516,25562,27924,28868,28974,29577	11286,11287,11288,11289,11290,11291,11292,11293,11294,28269
USA/CUIMC-NP-5269/2021	27	-3.07	20	10		11286-11295,28269-28270	139,240,781,1058,3036,4455,4787,9866,10774,14407,14789,15351,16499,20261,21574,21845,22319,22991,23402,23663,23730,25562,27924,28252,28868,28974,29742	11286,11287,11288,11289,11290,11291,11292,11293,11294,28269
USA/CUIMC-NP-5286/2021	27	-3.07	32	13		11286-11295,21990-21993,28269-28270	240,1058,2069,3036,5496,5511,5580,9748,9866,9890,11803,12029,12435,14407,21800,22031,22916,23402,24137,24409,25412,25562,27924,28043,28656,28886,28974	11286,11287,11288,11289,11290,11291,11292,11293,11294,21990,21991,21992,28269
USA/CUIMC-NP-5658/2021	27	-4.16	22	13		11286-11295,21990-21993,28269-28270	240,1058,3036,5580,9748,9866,9890,11211,11803,12029,14407,17507,18085,21800,22031,22916,23402,24137,24409,25412,25562,25702,27924,28043,28886,28974,29702	11286,11287,11288,11289,11290,11291,11292,11293,11294,21990,21991,21992,28269
USA/NP-4540/2021	27	nan	17	35		27920-27955	240,465,1058,3036,6729,6812,6850,8703,9119,9869,11004,12853,13457,13616,14407,14558,18114,23008,23041,23062,23402,23603,24892,25562,28271,28974,29273	27920,27921,27922,27923,27924,27925,27926,27927,27928,27929,27930,27931,27932,27933,27934,27935,27936,27937,27938,27939,27940,27941,27942,27943,27944,27945,27946,27947,27948,27949,27950,27951,27952,27953,27954
USA/CUIMC-NP-4032/2020	26	-1.12	917	0			240,1058,3036,4509,8082,9190,10318,10873,12675,14407,14804,16886,17435,18423,21303,21574,23402,25562,25906,27497,27963,28375,28471,28848,28868,29187	
USA/CUIMC-NP-5080/2021	26	-3.52	1415	18		11286-11295,22281-22290	173,240,1058,1262,3036,5229,5793,6785,10137,10322,14407,21800,22205,22812,23011,23062,23402,23663,25562,25706,25903,26455,28252,28253,28886,29650	11286,11287,11288,11289,11290,11291,11292,11293,11294,22281,22282,22283,22284,22285,22286,22287,22288,22289
USA/CUIMC-NP-5233/2021	26	-3.93	20	33		11286-11295,28269-28270,29736-29759	240,1058,3036,4001,6100,7200,8808,9866,10449,13434,14407,16499,17069,20261,21574,21845,22319,22991,23402,24431,25562,25967,27738,27924,28310,28878	11286,11287,11288,11289,11290,11291,11292,11293,11294,28269,29736,29737,29738,29739,29740,29741,29742,29743,29744,29745,29746,29747,29748,29749,29750,29751,29752,29753,29754,29755,29756,29757,29758
USA/CUIMC-NP-5273/2021	26	-4.14	23	13		11286-11295,21990-21993,28269-28270	240,1058,2333,3036,9748,9866,9890,10339,11803,14407,20261,21574,21766,21800,22031,22916,23402,23933,24137,24409,25071,25562,28004,28043,28886,28974	11286,11287,11288,11289,11290,11291,11292,11293,11294,21990,21991,21992,28269
USA/NP-4106/2021	26	nan	446	0			240,3036,6569,9168,10666,11823,12052,12963,14407,15323,21723,22371,22851,23011,23402,25087,27280,28053,28252,28394,28627,28880,28881,28882,28974,29753	
USA/NP-4505/2021	26	nan	230	35		27920-27955	240,1058,2941,3036,6729,7527,8703,9119,9869,11004,12853,13457,13616,14407,14558,17192,19031,23041,23062,23402,23603,24123,24892,25562,28271,28974	27920,27921,27922,27923,27924,27925,27926,27927,27928,27929,27930,27931,27932,27933,27934,27935,27936,27937,27938,27939,27940,27941,27942,27943,27944,27945,27946,27947,27948,27949,27950,27951,27952,27953,27954
USA/NP-4621/2021	26	nan	314	35		27920-27955	240,465,1058,3036,6729,6850,8703,9119,9869,11004,12853,13457,13616,13920,14407,14558,19628,23041,23062,23402,23603,24892,25562,28271,28660,28974	27920,27921,27922,27923,27924,27925,27926,27927,27928,27929,27930,27931,27932,27933,27934,27935,27936,27937,27938,27939,27940,27941,27942,27943,27944,27945,27946,27947,27948,27949,27950,27951,27952,27953,27954
USA/CUIMC-NP-5256/2021	25	-5.0	35	0			240,1190,1626,2230,3036,5143,5680,9049,9520,10479,10973,11329,14186,14407,20267,20826,23396,23402,24903,25784,28853,28863,29166,29421,29566	
USA/CUIMC-NP-5247/2021	25	-4.93	273	33		11286-11295,28269-28270,29736-29759	240,1058,3036,6100,7200,8808,9866,11470,14407,16499,17924,20261,21058,21574,21845,22319,22991,23402,24431,25562,25967,27738,27924,28310,28878	11286,11287,11288,11289,11290,11291,11292,11293,11294,28269,29736,29737,29738,29739,29740,29741,29742,29743,29744,29745,29746,29747,29748,29749,29750,29751,29752,29753,29754,29755,29756,29757,29758
USA/CUIMC-NP-5264/2021	25	-5.27	21	36		11286-11295,21990-21993,28269-28270,29736-29759	240,1058,3036,5848,6100,7200,8808,9866,14407,16499,20261,21574,21845,22319,22991,23402,24431,25562,25967,27391,27738,27924,28310,28878,28929	11286,11287,11288,11289,11290,11291,11292,11293,11294,21990,21991,21992,28269,29736,29737,29738,29739,29740,29741,29742,29743,29744,29745,29746,29747,29748,29749,29750,29751,29752,29753,29754,29755,29756,29757,29758
USA/CUIMC-NP-5267/2021	25	-5.07	313	50		11283-11292,21990-21993,28269-28270,29728-29765	240,1058,3036,4964,5783,9890,9928,10115,13859,14054,14407,21845,21986,22219,22916,23402,23843,24932,25510,25516,25562,27924,28336,28886,28974	11283,11284,11285,11286,11287,11288,11289,11290,11291,21990,21991,21992,28269,29728,29729,29730,29731,29732,29733,29734,29735,29736,29737,29738,29739,29740,29741,29742,29743,29744,29745,29746,29747,29748,29749,29750,29751,29752,29753,29754,29755,29756,29757,29758,29759,29760,29761,29762,29763,29764
USA/NP-4884/2021	25	nan	1875	0			240,3036,3765,4509,8304,9079,10666,11823,12052,12963,14407,21574,22746,23011,23402,24927,25087,27475,28252,28627,28880,28881,28882,28974,29753	
USA/CUIMC-NP-3632/2020	24	-1.21	873	0			240,1058,3036,6051,7674,10318,12051,14407,14918,16393,19413,19871,21620,22200,23402,25562,25854,27476,27963,28974,29253,29415,29473,29763	
USA/CUIMC-NP-4004/2020	24	-3.05	21	0			240,1190,1626,2230,3036,4859,5143,9520,10479,10973,11329,14186,14407,20267,20826,23396,23402,24903,25784,28286,28853,28863,29421,29566	
USA/CUIMC-NP-4025/2020	24	-3.12	21	18		27566-27578,28088-28094	240,312,1384,1819,2488,3036,4319,9437,9890,14407,15578,16373,18031,20273,21232,22190,23402,26539,28252,28714,28880,28881,28882,29450	27566,27567,27568,27569,27570,27571,27572,27573,27574,27575,27576,27577,28088,28089,28090,28091,28092,28093
USA/CUIMC-NP-4059/2020	24	-2.99	1401	11		11286-11295,21573-21574,28269-28270	240,1058,1101,3036,4949,6100,9866,10449,14407,16499,16793,20261,21057,21845,22319,23402,23663,25516,25562,25853,27924,28868,28974,29300	11286,11287,11288,11289,11290,11291,11292,11293,11294,21573,28269
USA/CUIMC-NP-4081/2021	24	-3.47	47	0			240,935,1453,2341,3036,3258,5815,7163,11590,14407,17121,18347,20733,23402,24192,25064,25104,25545,26068,28856,28880,28881,28882,29746	
USA/CUIMC-NP-5028/2021	24	-5.45	22	32		11286-11295,29736-29759	240,1058,3036,3054,6100,7200,8808,9866,13664,14407,16499,20261,21574,21845,22319,22991,23402,24431,25562,25967,27738,27924,28310,28878	11286,11287,11288,11289,11290,11291,11292,11293,11294,29736,29737,29738,29739,29740,29741,29742,29743,29744,29745,29746,29747,29748,29749,29750,29751,29752,29753,29754,29755,29756,29757,29758
USA/CUIMC-NP-5232/2021	24	-5.86	20	10		11286-11295,28269-28270	240,1058,1101,1819,3036,6100,7200,9866,10449,14407,16499,16793,20261,21057,21574,21845,22319,23402,23663,25516,25562,27924,28868,28974	11286,11287,11288,11289,11290,11291,11292,11293,11294,28269
USA/CUIMC-NP-5220/2021	24	-6.0	22	33		11286-11295,28269-28270,29736-29759	240,1058,3036,6100,7200,8808,9866,14407,16499,20261,21574,21845,22319,22991,23402,23592,24431,25562,25967,27738,27924,28310,28878,29253	11286,11287,11288,11289,11290,11291,11292,11293,11294,28269,29736,29737,29738,29739,29740,29741,29742,29743,29744,29745,29746,29747,29748,29749,29750,29751,29752,29753,29754,29755,29756,29757,29758
USA/CUIMC-NP-5265/2021	24	-6.0	30	12		11286-11295,21990-21993	240,1058,3036,5580,9748,9866,9890,11211,11803,12029,14407,17507,18085,22031,22916,23402,24137,24409,25412,25562,27924,28043,28886,28974	11286,11287,11288,11289,11290,11291,11292,11293,11294,21990,21991,21992
USA/CUIMC-NP-5296/2021	24	-5.93	21	18		11286-11295,21981-21990	240,1058,3036,9866,14407,16499,20261,21574,21845,22319,22991,23011,23402,23663,25516,25520,25562,25586,27924,28766,28868,28974,29408,29763	11286,11287,11288,11289,11290,11291,11292,11293,11294,21981,21982,21983,21984,21985,21986,21987,21988,21989
USA/CUIMC-NP-5662/2021	24	-7.16	22	51		507-522,11286-11295,21990-21993,28269-28270,29736-29759	240,1058,3036,5848,6100,7200,8808,9866,14407,16499,20261,21574,21845,22319,22991,23402,24431,25562,25967,27391,27738,27924,28310,28878	507,508,509,510,511,512,513,514,515,516,517,518,519,520,521,11286,11287,11288,11289,11290,11291,11292,11293,11294,21990,21991,21992,28269,29736,29737,29738,29739,29740,29741,29742,29743,29744,29745,29746,29747,29748,29749,29750,29751,29752,29753,29754,29755,29756,29757,29758
USA/CUIMC-NP-3748/2020	23	-2.62	2132	0			240,1058,3036,3621,3737,6740,8082,10318,14407,14772,14804,15762,16307,17026,17677,18423,21303,23402,25562,25906,27963,28471,28868	
USA/CUIMC-NP-3810/2020	23	-2.68	781	0			240,1058,3036,3621,3737,6740,8082,10318,14407,14772,14804,15762,16307,17026,17677,18423,21303,23402,25562,25906,27963,28471,28868	
USA/CUIMC-NP-3815/2020	23	-2.68	582	0			209,240,880,1058,3036,6051,6540,7599,10318,12309,14407,19871,22200,23402,23438,24756,25562,25854,27963,28974,29253,29473,29763	
USA/CUIMC-NP-3816/2020	23	-2.75	1376	0			240,1058,2517,3036,3241,5309,8082,8590,10318,14407,14804,16886,18423,20667,21303,22840,23402,25562,25906,27073,27963,28471,28868	
USA/CUIMC-NP-4013/2020	23	-4.05	1145	0			240,1058,2444,3036,5621,10318,11513,13353,14407,14499,17059,18423,21303,21810,23402,25562,25586,25906,27963,28310,28471,28868,29751	
USA/CUIMC-NP-4030/2021	23	-4.26	42	33		11286-11295,28269-28270,29736-29759	240,1058,1935,3036,6100,7200,8808,9866,14407,16499,20261,21574,21845,22319,22991,23402,24431,25562,25967,27738,27924,28310,28878	11286,11287,11288,11289,11290,11291,11292,11293,11294,28269,29736,29737,29738,29739,29740,29741,29742,29743,29744,29745,29746,29747,29748,29749,29750,29751,29752,29753,29754,29755,29756,29757,29758
USA/CUIMC-NP-4256/2021	23	-4.88	25	0			240,1058,3036,4284,9927,10318,14407,15001,15653,17421,18423,18575,21303,22483,23402,25562,25906,26059,27963,27964,28471,28816,28868	
USA/CUIMC-NP-5261/2021	23	-7.27	75	0			240,1058,3036,5868,8082,10318,13946,14407,14804,17937,18423,21303,22109,23402,25432,25562,25906,27963,28471,28868,29401,29741,29750	
USA/CUIMC-NP-5284/2021	23	-7.27	155	0			240,1058,3036,5868,8082,10318,13946,14407,14804,17937,18423,21303,22109,23402,25432,25562,25906,27963,28471,28868,29401,29741,29750	
USA/CUIMC-NP-5290/2021	23	-7.21	238	8		29709-29710,29754-29761	240,1058,3036,6729,10028,11513,14407,16374,18470,19016,20403,20747,23041,23402,23603,23708,25470,25562,25623,26766,28092,28886,29718	29709,29754,29755,29756,29757,29758,29759,29760
USA/CUIMC-NP-5667/2021	23	-8.23	53	13		11286-11295,21990-21993,28269-28270	240,1058,3036,5299,5580,9748,9866,9890,11803,14407,21800,22031,22529,22916,23402,24137,24409,25412,25562,25702,28043,28886,28974	11286,11287,11288,11289,11290,11291,11292,11293,11294,21990,21991,21992,28269
USA/CUIMC-NP-5683/2021	23	-7.89	26	0			240,1058,2444,3036,5621,10318,11082,11513,14267,14407,14499,17059,18423,21303,21810,23402,25562,25586,25906,27963,28310,28471,28868	
USA/CUIMC-NP-5671/2021	23	-8.16	21	33		11286-11295,28269-28270,29736-29759	240,1058,3036,6100,7200,8808,9866,14407,16499,18230,20261,21574,21845,22319,22991,23402,24431,25562,25967,27233,27738,28310,28878	11286,11287,11288,11289,11290,11291,11292,11293,11294,28269,29736,29737,29738,29739,29740,29741,29742,29743,29744,29745,29746,29747,29748,29749,29750,29751,29752,29753,29754,29755,29756,29757,29758
USA/CUIMC-NP-3970/2020	22	-4.85	604	1		29709-29710	240,1058,3036,6309,6850,6935,10028,11513,11520,14407,16374,20747,21620,23041,23402,23603,23708,25458,25562,26766,28886,29718	29709
USA/CUIMC-NP-3990/2020	22	-4.92	619	0			240,805,1144,1145,2583,3036,4269,5139,11082,14125,14407,14792,19010,20267,23402,23586,24075,25623,25843,28853,29542,29750	
USA/CUIMC-NP-4003/2020	22	-5.05	319	0			240,1058,1386,3036,8082,10318,10614,12487,14390,14407,14804,17744,18423,21303,23402,25562,25906,27963,28471,28868,28950,29252	
USA/CUIMC-NP-4074/2021	22	-5.6	30	9		11286-11295	240,1058,1101,3036,6100,7200,9866,10449,13081,14407,16499,16793,20261,21057,21574,21845,22319,23402,23663,25562,28868,28974	11286,11287,11288,11289,11290,11291,11292,11293,11294
USA/CUIMC-NP-5216/2021	22	-8.0	26	10		11286-11295,28269-28270	139,240,1058,3036,4455,4787,9866,10774,12079,14407,16499,20261,21574,21845,22319,22991,23402,23663,25562,27924,28868,28974	11286,11287,11288,11289,11290,11291,11292,11293,11294,28269
USA/CUIMC-NP-5225/2021	22	-8.0	19	3		26153-26156	240,1058,1935,2150,3036,8082,9667,9736,10318,11298,14407,14804,18423,20032,21303,23402,25562,25906,27963,28471,28868,28984	26153,26154,26155
USA/CUIMC-NP-5222/2021	22	-8.0	20	33		11286-11295,28269-28270,29736-29759	240,1058,3036,6100,7200,8808,9866,14407,16499,20261,21574,21845,22319,22991,23402,24431,25562,25967,27738,27924,28310,28878	11286,11287,11288,11289,11290,11291,11292,11293,11294,28269,29736,29737,29738,29739,29740,29741,29742,29743,29744,29745,29746,29747,29748,29749,29750,29751,29752,29753,29754,29755,29756,29757,29758
USA/CUIMC-NP-5254/2021	22	-8.14	23	0			240,1058,3036,8082,10318,11082,11780,13200,14407,14804,15351,16331,16747,17998,18423,21303,23402,25562,25906,27963,28471,28868	
USA/CUIMC-NP-5272/2021	22	-8.07	22	10		11286-11295,28269-28270	240,1058,3036,9866,11441,14407,16499,20261,20396,20615,21574,21706,21845,22319,23011,23402,23663,25562,26592,27924,28868,28974	11286,11287,11288,11289,11290,11291,11292,11293,11294,28269
USA/CUIMC-NP-5283/2021	22	-8.27	45	12		11286-11295,21990-21993	240,1058,3036,5580,9748,9866,9890,11803,12029,14407,21800,22031,22916,23402,24137,24409,25412,25562,28043,28681,28886,28974	11286,11287,11288,11289,11290,11291,11292,11293,11294,21990,21991,21992
USA/NP-4698/2021	22	nan	25	10		11286-11295,28269-28270	240,1058,3036,5240,9866,13328,14407,16499,20261,21293,21294,21295,21574,21845,22319,23011,23402,23663,25562,28868,28974,29585	11286,11287,11288,11289,11290,11291,11292,11293,11294,28269
USA/NP-4929/2021	22	nan	319	10		11286-11295,28269-28270	240,1058,1918,3036,9866,11094,13328,14407,16499,20261,21574,21845,22319,23011,23402,23663,24864,25562,27921,27924,28868,28974	11286,11287,11288,11289,11290,11291,11292,11293,11294,28269
USA/CUIMC-NP-3617/2020	21	-4.07	313	0			240,919,3036,3526,4157,5014,5811,5906,7092,8016,11007,12972,14407,20267,20282,23402,25713,25854,27433,27997,28853	
USA/CUIMC-NP-3671/2020	21	-4.27	571	0			240,1058,1221,3036,9113,9206,9568,10318,14407,18423,19661,21215,21303,23402,25251,25562,25906,27963,28471,28868,29404	
USA/CUIMC-NP-3995/2020	21	-5.99	25	0			240,1058,1888,2109,3036,6051,7674,8089,10318,14407,19871,21620,22200,23402,25562,25854,27963,28974,29253,29473,29763	
USA/CUIMC-NP-4002/2020	21	-6.05	42	0			240,1058,3036,6051,6780,7674,9560,10228,10318,14407,19871,21620,22200,23402,25562,25854,27963,28974,29253,29473,29763	
USA/CUIMC-NP-4021/2021	21	-6.26	317	0			240,3036,3266,3526,5014,5876,7374,8016,11007,14407,18794,20267,20282,23402,25653,25713,25854,26021,27433,27997,28853	
USA/CUIMC-NP-4027/2021	21	-6.26	319	0			240,1058,2150,3036,3637,8082,10318,11520,14407,14804,18423,20032,20702,21303,23402,25562,25906,27963,28471,28868,28984	
USA/CUIMC-NP-4070/2021	21	-6.53	22	0			240,244,1058,3036,8082,10318,11700,14407,14804,15672,17675,18423,21303,21897,23402,25562,25906,27963,28471,28868,29378	
USA/CUIMC-NP-4093/2021	21	-6.53	24	0			240,244,1058,3036,8082,10318,11700,14407,14804,15672,17675,18423,21303,21897,23402,25562,25906,27963,28471,28868,29378	
USA/CUIMC-NP-4212/2021	21	-6.74	27	9		11286-11295	240,1058,3036,7711,9206,9866,10542,14407,16499,20261,21574,21845,22319,23011,23402,23663,25488,25516,25562,28868,28974	11286,11287,11288,11289,11290,11291,11292,11293,11294
USA/CUIMC-NP-5211/2021	21	-8.52	20	0			240,935,1721,2341,3036,3258,6342,7864,10542,11590,14407,17121,18347,23402,25888,26068,26800,26984,28880,28881,28882	
USA/CUIMC-NP-4852/2021	21	-8.11	33	32		11286-11295,29736-29759	240,1058,3036,5783,7200,9866,14407,16499,20261,21574,21845,22319,22991,23402,24431,25562,25967,27738,28310,28878,29513	11286,11287,11288,11289,11290,11291,11292,11293,11294,29736,29737,29738,29739,29740,29741,29742,29743,29744,29745,29746,29747,29748,29749,29750,29751,29752,29753,29754,29755,29756,29757,29758
USA/CUIMC-NP-5239/2021	21	-8.79	19	0			161,240,1058,2109,2293,3036,7092,7172,7608,8727,9129,10333,11145,14407,16467,21647,23402,25562,27963,27986,28880	
USA/CUIMC-NP-5379/2021	21	-9.41	33	9		11286-11295	240,1058,3036,9866,14407,16499,20261,20822,21574,21845,22319,22991,23011,23402,23663,25562,28766,28868,28974,29408,29763	11286,11287,11288,11289,11290,11291,11292,11293,11294
USA/CUIMC-NP-5426/2021	21	-8.79	29	10		11286-11295,28269-28270	240,1058,3036,4335,9866,11082,14407,16499,20261,21574,21845,22319,23011,23402,23663,25562,26525,27924,28868,28974,29419	11286,11287,11288,11289,11290,11291,11292,11293,11294,28269
USA/CUIMC-NP-5452/2021	21	-9.34	24	12		11286-11295,21990-21993	240,1698,3036,3477,8298,10470,11460,14407,16549,16886,17746,18251,21574,23011,23402,23524,28270,28880,28881,28882,28915	11286,11287,11288,11289,11290,11291,11292,11293,11294,21990,21991,21992
USA/CUIMC-NP-5483/2021	21	-9.48	21	12		11286-11295,21990-21993	240,2452,3036,3477,8298,10470,11460,12780,14407,16549,16886,18251,21574,23011,23402,23524,28270,28880,28881,28882,28915	11286,11287,11288,11289,11290,11291,11292,11293,11294,21990,21991,21992
USA/CUIMC-NP-5677/2021	21	-10.16	62	12		11286-11295,21990-21993	240,1058,3036,9748,9866,9890,10339,14407,20261,21800,22031,22916,23402,23933,24137,24409,25071,25562,28043,28886,28974	11286,11287,11288,11289,11290,11291,11292,11293,11294,21990,21991,21992
USA/CUIMC-NP-5678/2021	21	-10.16	31	12		11286-11295,21990-21993	240,1058,3036,9748,9866,9890,11957,12029,14407,21800,22031,22916,23402,24137,24409,25412,25562,28043,28886,28974,29139	11286,11287,11288,11289,11290,11291,11292,11293,11294,21990,21991,21992
USA/NP-3384/2020	21	nan	4082	12		11286-11295,26157-26160	240,1058,9041,10115,14407,17517,19016,20261,21574,21845,23011,23402,24641,25562,27924,28250,28252,28253,28888,28976,29295	11286,11287,11288,11289,11290,11291,11292,11293,11294,26157,26158,26159
USA/NP-4144/2021	21	nan	25	9		11286-11295	240,1058,3036,9692,9866,11094,13328,14407,16499,20261,21574,21845,22319,23011,23402,23663,25562,27921,27924,28868,28974	11286,11287,11288,11289,11290,11291,11292,11293,11294
USA/NP-5086/2021	21	nan	322	10		11286-11295,28269-28270	240,1058,3036,9866,14407,16499,20261,21574,21845,22319,23011,23034,23402,23663,25454,25562,28766,28868,28974,29408,29763	11286,11287,11288,11289,11290,11291,11292,11293,11294,28269
USA/CUIMC-NP-3478/2020	20	-4.38	21	0			240,1058,3036,5283,7603,10047,10318,14407,17677,18423,21303,22481,23402,25008,25562,25906,26908,27963,28471,28868	
USA/CUIMC-NP-3522/2020	20	-4.86	484	0			240,935,2341,3036,3258,5238,6275,6342,6542,11590,14407,17121,18347,23402,25888,26068,26984,28880,28881,28882	
USA/CUIMC-NP-3528/2020	20	-4.66	807	3		3705-3708	240,3036,12438,14407,20027,23276,23402,23592,24367,25564,25623,27241,27629,28880,28881,28882,28974,29331,29750,29768	3705,3706,3707
USA/CUIMC-NP-3573/2020	20	-4.86	283	0			240,1058,3036,4254,6051,7674,10318,10368,14407,19871,21620,22200,23402,25562,25854,27963,28974,29253,29473,29763	
USA/CUIMC-NP-3629/2020	20	-5.21	1363	0			240,3036,10860,12438,14407,19734,22050,23276,23402,23592,24367,25564,25623,27241,28880,28881,28882,28974,29331,29750	
USA/CUIMC-NP-3570/2020	20	-4.86	18	51		29723-29774	240,805,1591,2583,3036,4269,4299,5139,11082,14407,14792,19762,20267,23402,23586,24075,25623,25843,28853,29542	29723,29724,29725,29726,29727,29728,29729,29730,29731,29732,29733,29734,29735,29736,29737,29738,29739,29740,29741,29742,29743,29744,29745,29746,29747,29748,29749,29750,29751,29752,29753,29754,29755,29756,29757,29758,29759,29760,29761,29762,29763,29764,29765,29766,29767,29768,29769,29770,29771,29772,29773
USA/CUIMC-NP-3807/2020	20	-5.75	891	0			240,935,2341,3036,3258,6705,11590,14117,14407,17121,18347,23402,23632,24660,25520,25888,26068,28880,28881,28882	
USA/CUIMC-NP-4001/2020	20	-7.05	316	0			240,3036,3526,5014,5876,6525,8016,11007,14407,16091,18876,20267,20282,23402,25713,25854,27433,27997,28617,28853	
USA/CUIMC-NP-4011/2020	20	-6.99	1883	2		28269-28270,29709-29710	240,1058,1918,3036,3694,4546,6729,10028,11513,14407,16374,23041,23402,23603,23708,25562,26766,27462,28886,29718	28269,29709
USA/CUIMC-NP-4040/2020	20	-6.92	1905	2		28269-28270,29709-29710	240,1058,1179,1918,3036,4546,10028,11513,14407,16374,20747,23041,23402,23603,23708,25562,26766,27462,28886,29718	28269,29709
USA/CUIMC-NP-4066/2021	20	-7.47	26	0			240,691,1058,3036,5010,7167,12524,14407,16288,18027,19179,21645,23402,24094,25562,27919,28299,28676,28892,29444	
USA/CUIMC-NP-4947/2021	20	-9.45	21	0			221,240,702,807,1058,3036,3230,4157,6960,12849,14407,17549,19272,21363,22316,23063,23402,25562,28114,28889	
USA/CUIMC-NP-5214/2021	20	-10.0	20	10		11286-11295,28269-28270	240,1058,3036,9206,9866,14407,16499,20261,21574,21845,22223,22319,23011,23402,23663,25488,25562,27924,28868,28974	11286,11287,11288,11289,11290,11291,11292,11293,11294,28269
USA/CUIMC-NP-5250/2021	20	-10.14	23	10		11286-11295,28269-28270	240,1058,3036,6100,6653,7200,9866,10449,14407,16499,20261,21057,21574,21845,22319,23402,25562,27924,28868,28974	11286,11287,11288,11289,11290,11291,11292,11293,11294,28269
USA/CUIMC-NP-5352/2021	20	-10.34	38	12		11286-11295,21990-21993	240,1058,3036,4850,9748,9866,9890,12029,19661,21800,22031,22916,23402,24137,24409,25412,25562,28043,28886,28974	11286,11287,11288,11289,11290,11291,11292,11293,11294,21990,21991,21992
USA/CUIMC-NP-5391/2021	20	-10.41	329	9		11286-11295	240,1058,3036,5795,9866,12810,14407,16499,16867,20261,21574,21845,22319,23011,23402,25562,25719,27383,28868,28974	11286,11287,11288,11289,11290,11291,11292,11293,11294
USA/CUIMC-NP-5415/2021	20	-10.62	23	9		11286-11295	240,1058,3036,3694,9206,9866,14407,16499,20261,21574,21845,22319,23011,23402,23663,25562,26680,27924,28868,28974	11286,11287,11288,11289,11290,11291,11292,11293,11294
USA/CUIMC-NP-5441/2021	20	-10.27	578	9		11286-11295	240,1058,3036,9206,9866,11416,14407,16499,20261,21574,21845,22319,23011,23402,25562,26680,27383,27924,28868,28974	11286,11287,11288,11289,11290,11291,11292,11293,11294
USA/CUIMC-NP-5521/2021	20	-10.68	23	10		11286-11295,28269-28270	240,1058,3036,9866,12810,14407,16499,20261,21574,21613,21845,22319,23011,23402,23663,25562,27924,28868,28974,29554	11286,11287,11288,11289,11290,11291,11292,11293,11294,28269
USA/CUIMC-NP-5552/2021	20	-9.32	600	32		11286-11295,29736-29759	240,1058,3036,3054,7200,9866,13664,14407,16499,21574,21845,22319,23402,24431,25562,25967,27738,28310,28878,29554	11286,11287,11288,11289,11290,11291,11292,11293,11294,29736,29737,29738,29739,29740,29741,29742,29743,29744,29745,29746,29747,29748,29749,29750,29751,29752,29753,29754,29755,29756,29757,29758
USA/NP-4857/2021	20	nan	2291	9		11286-11295	240,1058,3036,9866,11094,13328,14407,16499,20261,21574,21845,22319,23011,23402,24864,25562,27921,27924,28868,28974	11286,11287,11288,11289,11290,11291,11292,11293,11294
USA/NP-4974/2021	20	nan	24	10		11286-11295,28269-28270	240,1058,3036,3694,9206,9866,14407,16499,20261,21574,21845,22319,23011,23402,23663,25562,26680,27924,28868,28974	11286,11287,11288,11289,11290,11291,11292,11293,11294,28269
USA/NP-5023/2021	20	nan	1972	9		11286-11295	240,336,1058,3036,4319,9206,9866,14407,16499,20261,21574,21845,22319,23011,23402,23663,25488,25562,28868,28974	11286,11287,11288,11289,11290,11291,11292,11293,11294
USA/NP-5078/2021	20	nan	23	9		11286-11295	240,1058,3036,9866,14407,16499,16631,19268,20080,20261,21574,21845,22319,23011,23402,23663,25562,27924,28868,28974	11286,11287,11288,11289,11290,11291,11292,11293,11294
USA/NP-5120/2021	20	nan	321	10		11286-11295,28269-28270	240,1058,3036,9866,14407,16499,20261,21574,21735,21845,22319,23011,23402,23663,25562,26525,27946,28325,28868,28974	11286,11287,11288,11289,11290,11291,11292,11293,11294,28269
USA/NP-5140/2021	20	nan	22	10		11286-11295,28269-28270	240,1058,3036,9206,9866,11416,14407,16499,20261,21574,21845,22319,23011,23402,23663,25562,26680,27383,28868,28974	11286,11287,11288,11289,11290,11291,11292,11293,11294,28269
USA/CUIMC-NP-3469/2020	19	-5.25	1854	0			240,1325,2143,3036,3372,6394,13722,14407,16725,17018,17332,23402,25002,25717,25946,27440,28880,28881,28882	
USA/CUIMC-NP-3971/2020	19	-7.85	4739	12		11286-11295,21990-21993	240,1058,3036,5299,5304,5580,9748,11803,21800,22031,22916,24137,24409,25412,25562,25702,28043,28886,28974	11286,11287,11288,11289,11290,11291,11292,11293,11294,21990,21991,21992
USA/CUIMC-NP-3991/2020	19	-7.92	909	0			240,935,2341,3036,3258,11590,13018,13038,14407,17121,17671,18347,21822,23402,26068,26556,28880,28881,28882	
USA/CUIMC-NP-4019/2020	19	-8.12	1434	0			240,1058,3036,5729,10316,10318,10873,14407,14804,18423,21303,23402,25562,25906,27963,28375,28471,28848,28868	
USA/CUIMC-NP-4069/2021	19	-8.53	312	0			240,1162,2093,3036,6639,7298,14407,20237,23402,23586,25903,26210,27326,27449,27616,28880,28881,28882,29375	
USA/CUIMC-NP-4071/2021	19	-8.53	59	10		11286-11295,28269-28270	240,1058,3036,6100,7200,9866,10449,14407,16499,20261,21057,21574,21845,22319,23402,23663,25562,28868,28974	11286,11287,11288,11289,11290,11291,11292,11293,11294,28269
USA/CUIMC-NP-4741/2021	19	-9.22	30	10		11286-11295,28269-28270	142,240,1058,3036,9866,15598,15719,16499,20261,21574,21845,22319,23011,23402,23663,25562,27924,28868,28974	11286,11287,11288,11289,11290,11291,11292,11293,11294,28269
USA/CUIMC-NP-5213/2021	19	-10.86	21	0			240,3036,3526,5014,8016,11007,14359,14407,14858,20267,20282,23402,25713,25854,26987,27433,27997,28853,29721	
USA/CUIMC-NP-5227/2021	19	-11.0	20	0			221,240,702,807,1058,3036,3230,6960,12849,14407,17549,19272,21363,22316,23063,23402,25562,28114,28889	
USA/CUIMC-NP-5293/2021	19	-11.21	902	10		11286-11295,28269-28270	240,1058,3036,9866,12810,14407,16499,17177,20261,21574,21845,22319,23011,23402,23663,25562,27924,28868,28974	11286,11287,11288,11289,11290,11291,11292,11293,11294,28269
USA/CUIMC-NP-5300/2021	19	-10.93	24	0			240,1058,3036,3230,3873,8605,12849,14106,14407,14621,21363,23063,23400,23402,23480,25562,25985,28004,28889	
USA/CUIMC-NP-5442/2021	19	-11.21	26	0			240,702,807,1058,3036,3230,6960,12849,14407,17549,19272,20261,21363,22316,23063,23402,25562,28114,28889	
USA/CUIMC-NP-5511/2021	19	-11.75	25	10		11286-11295,28269-28270	240,1058,3036,9206,9866,14407,16499,20261,21574,21845,22319,23011,23402,23663,25488,25562,25854,28868,28974	11286,11287,11288,11289,11290,11291,11292,11293,11294,28269
USA/CUIMC-NP-5670/2021	19	-12.23	27	10		11286-11295,28269-28270	240,1058,2298,3036,9866,14407,16499,20261,21574,21845,22319,23011,23402,23663,25562,25727,28868,28974,29170	11286,11287,11288,11289,11290,11291,11292,11293,11294,28269
USA/NP-4475/2021	19	nan	17	0			240,1058,3036,3260,3485,4201,10318,11328,14407,18423,21303,23062,23402,25562,25906,27751,27963,28471,28868	
USA/NP-4592/2021	19	nan	24	9		11286-11295	240,1058,1287,3036,3681,5811,9866,14407,16499,20261,21574,21845,22319,23011,23402,23663,25562,28868,28974	11286,11287,11288,11289,11290,11291,11292,11293,11294
USA/NP-4606/2021	19	nan	23	9		11286-11295	240,1058,3036,4783,9866,14407,16499,20261,20597,21574,21845,22319,23011,23402,23663,25562,27924,28868,28974	11286,11287,11288,11289,11290,11291,11292,11293,11294
USA/NP-4823/2021	19	nan	322	10		11286-11295,28269-28270	240,1058,3036,3694,9206,9866,14407,16499,20261,21574,21845,22319,23011,23402,23663,25562,26680,28868,28974	11286,11287,11288,11289,11290,11291,11292,11293,11294,28269
USA/NP-4869/2021	19	nan	794	9		11286-11295	240,1058,3036,9866,12810,14407,16499,20261,21574,21845,22319,22660,22662,23011,23402,23663,25562,28868,28974	11286,11287,11288,11289,11290,11291,11292,11293,11294
USA/NP-4900/2021	19	nan	329	9		11286-11295	240,1058,3036,3776,9866,12810,14407,16499,20261,21574,21845,22319,23011,23402,23663,25562,28301,28868,28974	11286,11287,11288,11289,11290,11291,11292,11293,11294
USA/NP-4916/2021	19	nan	29	10		11286-11295,28269-28270	240,1058,3036,6403,9866,13204,14407,16499,20261,21574,21845,22319,23011,23402,23663,25562,27924,28868,28974	11286,11287,11288,11289,11290,11291,11292,11293,11294,28269
USA/NP-4926/2021	19	nan	323	9		11286-11295	240,1058,3036,9206,9866,14407,16499,18085,20261,21574,21845,22319,23011,23402,23663,25488,25562,28868,28974	11286,11287,11288,11289,11290,11291,11292,11293,11294
USA/NP-5009/2021	19	nan	324	10		11286-11295,28269-28270	240,1058,3036,9866,14407,15719,16499,20261,21574,21845,22319,22749,23011,23402,23663,25562,27924,28868,28974	11286,11287,11288,11289,11290,11291,11292,11293,11294,28269
USA/NP-5121/2021	19	nan	26	9		11286-11295	240,1058,3036,3694,9206,9866,14407,16499,20261,21574,21845,22319,23011,23402,23663,25562,26680,28868,28974	11286,11287,11288,11289,11290,11291,11292,11293,11294
USA/CUIMC-NP-3565/2020	18	-6.93	1915	0			240,935,2061,2341,3036,3258,6069,11590,14407,16470,17121,18347,23402,28100,28851,28880,28881,28882	
USA/CUIMC-NP-3616/2020	18	-7.07	975	0			240,1058,2725,3036,6024,10318,14407,15348,18423,21303,23270,23402,23757,25562,25906,27963,28471,28868	
USA/CUIMC-NP-3661/2020	18	-7.41	774	6		21763-21769	240,1058,1170,3036,5746,10788,13334,14407,17258,21430,23402,24006,25562,25610,26663,28689,28886,29704	21763,21764,21765,21766,21767,21768
USA/CUIMC-NP-3678/2020	18	-7.27	18	0			240,402,911,1419,2294,3036,3863,4001,7935,8712,10096,13535,14407,21768,23402,28880,28881,28882	
USA/CUIMC-NP-3687/2020	18	-7.14	21	0			240,3036,3526,5014,5876,8016,11007,14407,17102,20267,20282,23402,25713,25725,25854,27433,27997,28853	
USA/CUIMC-NP-3704/2020	18	-7.55	320	0			240,3036,3526,5014,5876,8016,11007,14407,14914,17102,20267,20282,23402,25713,25854,27433,27997,28853	
USA/CUIMC-NP-3707/2020	18	-7.55	18	0			240,1058,2535,3036,3277,10506,14407,15719,16259,17124,21057,22080,23238,23402,25562,28820,29579,29613	
USA/CUIMC-NP-3752/2020	18	-7.62	17	0			240,935,2341,3036,3258,11590,14407,15345,17121,18347,23402,24196,25064,26068,28880,28881,28882,29746	
USA/CUIMC-NP-3974/2020	18	-8.85	275	0			240,1058,3036,3230,8178,12849,13577,14106,14407,14621,18695,21363,23063,23400,23402,23480,25562,28889	
USA/CUIMC-NP-4489/2021	18	-10.36	27	9		11286-11295	240,1058,3036,9866,14407,16499,20261,21574,21845,22319,23011,23402,23663,25562,27924,28868,28974,29170	11286,11287,11288,11289,11290,11291,11292,11293,11294
USA/CUIMC-NP-4563/2021	18	-10.56	26	9		11286-11295	240,1058,3036,9206,9866,14407,16499,20261,21574,21845,22319,23011,23402,23663,25488,25562,28868,28974	11286,11287,11288,11289,11290,11291,11292,11293,11294
USA/CUIMC-NP-5006/2021	18	-11.45	611	0			1058,2725,3036,4182,6024,6448,6519,15348,18423,18916,22590,23239,23402,25562,25906,27963,28471,28868	
USA/CUIMC-NP-5215/2021	18	-12.0	23	9		11286-11295	240,1058,3036,9866,12810,14407,16499,20261,21574,21845,22319,23011,23402,23663,25562,27924,28868,28974	11286,11287,11288,11289,11290,11291,11292,11293,11294
USA/CUIMC-NP-5218/2021	18	-12.0	20	10		11286-11295,28269-28270	240,1058,3036,9866,14407,16499,20261,21574,21845,22319,23011,23402,23663,25562,27878,27924,28868,28974	11286,11287,11288,11289,11290,11291,11292,11293,11294,28269
USA/NP-3975/2020	18	nan	614	10		11286-11295,28269-28270	240,1058,3036,9206,9866,14407,16499,20261,21574,21845,22319,23011,23402,23663,25562,27924,28868,28974	11286,11287,11288,11289,11290,11291,11292,11293,11294,28269
USA/NP-3840/2020	18	nan	17	10		11286-11295,28269-28270	240,1058,3036,9866,14407,16499,20261,21574,21845,22319,23011,23402,23663,25516,25562,27924,28868,28974	11286,11287,11288,11289,11290,11291,11292,11293,11294,28269
USA/NP-4063/2020	18	nan	612	10		11286-11295,28269-28270	240,1058,3036,9866,14407,16499,20261,21574,21845,22319,23011,23402,23663,25562,27417,27924,28868,28974	11286,11287,11288,11289,11290,11291,11292,11293,11294,28269
USA/NP-4053/2020	18	nan	21	10		11286-11295,28269-28270	240,1058,3036,9866,14407,16499,20261,21574,21845,22319,23011,23402,23663,25562,27417,27924,28868,28974	11286,11287,11288,11289,11290,11291,11292,11293,11294,28269
USA/NP-4563/2021	18	nan	26	9		11286-11295	240,1058,3036,9206,9866,14407,16499,20261,21574,21845,22319,23011,23402,23663,25488,25562,28868,28974	11286,11287,11288,11289,11290,11291,11292,11293,11294
USA/NP-4595/2021	18	nan	24	9		11286-11295	240,1058,2298,3036,9866,14407,16499,20261,21574,21845,22319,23011,23402,23663,25562,28868,28974,29170	11286,11287,11288,11289,11290,11291,11292,11293,11294
USA/NP-4665/2021	18	nan	325	9		11286-11295	240,1058,3036,9866,12810,14407,16499,20261,21574,21845,22319,23011,23402,23663,25562,28301,28868,28974	11286,11287,11288,11289,11290,11291,11292,11293,11294
USA/NP-4675/2021	18	nan	198	9		11286-11295	240,1058,3036,6335,9866,14407,16499,20261,21574,21845,22319,23011,23402,23663,25562,27924,28868,28974	11286,11287,11288,11289,11290,11291,11292,11293,11294
USA/NP-4796/2021	18	nan	319	10		11286-11295,28269-28270	240,1058,3036,9866,14407,16499,20261,21574,21599,21845,22319,23011,23402,23663,25562,27924,28868,28974	11286,11287,11288,11289,11290,11291,11292,11293,11294,28269
USA/NP-4861/2021	18	nan	825	9		11286-11295	240,1058,2298,3036,9866,14407,16499,20261,21574,21845,22319,23011,23402,23663,25562,28868,28974,29170	11286,11287,11288,11289,11290,11291,11292,11293,11294
USA/NP-4983/2021	18	nan	320	10		11286-11295,28269-28270	240,1058,3036,9866,14407,16499,20261,21574,21845,22319,23011,23402,23663,25562,25702,27924,28868,28974	11286,11287,11288,11289,11290,11291,11292,11293,11294,28269
USA/NP-5038/2021	18	nan	573	9		11286-11295	240,1058,3036,9866,10322,14407,16499,20261,21574,21845,22319,22549,23011,23402,23663,25562,28868,28974	11286,11287,11288,11289,11290,11291,11292,11293,11294
USA/NP-5102/2021	18	nan	31	10		11286-11295,28269-28270	240,1058,3036,9866,13125,14407,16499,20261,21574,21845,22319,23011,23402,23663,25562,27924,28868,28974	11286,11287,11288,11289,11290,11291,11292,11293,11294,28269
USA/NP-5107/2021	18	nan	196	10		11286-11295,28269-28270	240,1058,3036,9866,12810,14407,16499,20261,21574,21845,22319,22662,23011,23402,23663,25562,28868,28974	11286,11287,11288,11289,11290,11291,11292,11293,11294,28269
USA/NP-5109/2021	18	nan	324	10		11286-11295,28269-28270	240,1058,3036,9866,13251,14407,16499,20261,21574,21845,22319,23011,23402,23663,25562,27924,28868,28974	11286,11287,11288,11289,11290,11291,11292,11293,11294,28269
USA/NP-5138/2021	18	nan	1476	10		11286-11295,28269-28270	240,1058,3036,9866,14407,15539,16499,20261,21574,21845,22319,23011,23402,23663,25562,26269,28868,28974	11286,11287,11288,11289,11290,11291,11292,11293,11294,28269
USA/CUIMC-NP-3381/2020	17	-6.56	278	0			240,439,3036,11633,14407,17105,17746,19289,20207,23402,23585,24196,25791,28880,28881,28882,29208	
USA/CUIMC-NP-3472/2020	17	-7.45	280	0			240,1058,3036,6051,7674,10318,14407,19871,22200,23402,25562,25854,27963,28974,29253,29473,29763	
USA/CUIMC-NP-3560/2020	17	-7.66	275	0			240,1058,3036,3230,8178,11082,12849,14106,14407,14621,21363,23063,23400,23402,23480,25562,28889	
USA/CUIMC-NP-3756/2020	17	-8.62	2251	0			240,1577,2874,3036,6617,7832,9610,14407,20267,21852,23402,23603,24075,27922,28853,29265,29709	
USA/CUIMC-NP-3814/2020	17	-8.68	609	0			240,681,2699,3036,4731,5799,6705,14407,16322,17183,20267,23402,24075,24367,27846,28602,28853	
USA/CUIMC-NP-3992/2020	17	-9.99	1130	0			240,935,2341,3036,3258,8091,11590,14407,17121,18347,23402,25064,28880,28881,28882,28890,29746	
USA/CUIMC-NP-5223/2021	17	-13.0	23	10		11286-11295,28269-28270	240,1058,3036,9866,14407,16499,20261,21574,21845,22319,23011,23402,23663,25562,27924,28868,28974	11286,11287,11288,11289,11290,11291,11292,11293,11294,28269
USA/CUIMC-NP-5270/2021	17	-13.27	22	4		21990-21993,28252-28253	240,1058,1930,1931,2452,3036,3989,11221,12558,14407,21842,23402,25562,25730,28880,28933,29310	21990,21991,21992,28252
USA/CUIMC-NP-5276/2021	17	-13.27	576	9		11286-11295	240,1058,2298,3036,9866,14407,16499,20261,21574,21845,22319,23011,23402,23663,25562,28868,28974	11286,11287,11288,11289,11290,11291,11292,11293,11294
USA/CUIMC-NP-5555/2021	17	-13.82	24	10		11286-11295,28269-28270	240,1058,3036,9194,9866,14407,16499,20261,21574,21845,22319,23011,23402,23663,25562,28868,28974	11286,11287,11288,11289,11290,11291,11292,11293,11294,28269
USA/NP-4601/2021	17	nan	967	9		11286-11295	240,1058,1384,3036,9866,14407,16499,20261,21574,21845,22319,23011,23402,23663,25562,28868,28974	11286,11287,11288,11289,11290,11291,11292,11293,11294
USA/NP-4666/2021	17	nan	199	9		11286-11295	240,1058,3036,6335,9866,14407,16499,20261,21574,21845,22319,23011,23402,23663,25562,28868,28974	11286,11287,11288,11289,11290,11291,11292,11293,11294
USA/NP-5017/2021	17	nan	792	10		11286-11295,28269-28270	240,1058,3036,9866,14407,16499,20261,21574,21845,22319,23011,23402,23663,25562,25702,28868,28974	11286,11287,11288,11289,11290,11291,11292,11293,11294,28269
USA/NP-5079/2021	17	nan	713	10		11286-11295,21573-21574	240,1058,3036,9866,12810,14407,16499,20261,21845,22319,23011,23402,23663,25562,27924,28868,28974	11286,11287,11288,11289,11290,11291,11292,11293,11294,21573
USA/NP-5098/2021	17	nan	577	10		11286-11295,28269-28270	240,1058,3036,9866,14407,16499,18743,20261,21574,21845,22319,23011,23402,23663,25562,28868,28974	11286,11287,11288,11289,11290,11291,11292,11293,11294,28269
USA/NP-5197/2021	17	nan	23	10		11286-11295,28269-28270	240,1058,3036,9866,14407,16499,20261,21574,21845,22319,23011,23402,23663,25562,28868,28974,29585	11286,11287,11288,11289,11290,11291,11292,11293,11294,28269
USA/NP-DOH1/2021	17	nan	445	9		11286-11295	240,1058,3036,9866,14407,16499,20261,21574,21845,22319,23011,23402,23663,25562,28868,28974,29585	11286,11287,11288,11289,11290,11291,11292,11293,11294
USA/CUIMC-NP-3634/2020	16	-9.14	1142	7		29754-29761	240,3036,7656,8055,12253,13664,14407,15336,18485,20267,21723,21785,22161,23402,25610,28853	29754,29755,29756,29757,29758,29759,29760
USA/CUIMC-NP-3672/2020	16	-9.27	17	0			240,942,1058,3036,7478,9429,14407,20396,23402,25465,25562,25776,25903,28898,29613,29778	
USA/CUIMC-NP-3804/2020	16	-9.68	484	0			240,1058,1885,3036,3230,5002,12849,13773,14407,14621,21363,23063,23400,23402,25562,28889	
USA/CUIMC-NP-3994/2020	16	-10.99	613	0			240,935,2341,3036,3258,7868,11590,14407,17121,18347,21822,23402,26068,28880,28881,28882	
USA/CUIMC-NP-4015/2020	16	-10.92	22	0			240,1577,3036,5229,6617,7832,10740,14407,20267,23402,23603,24075,28848,28853,29265,29709	
USA/CUIMC-NP-4016/2020	16	-10.92	20	0			240,1577,3036,5229,6617,7832,10740,14407,20267,23402,23603,24075,28848,28853,29265,29709	
USA/CUIMC-NP-4020/2021	16	-11.26	896	0			240,1577,3036,6617,7832,10740,14407,18686,20267,23402,23603,24075,27922,28853,29265,29709	
USA/CUIMC-NP-4036/2020	16	-10.99	1449	0			240,2018,2257,3036,3176,4157,6440,8139,9203,14407,17810,20267,23402,28676,28853,29444	
USA/CUIMC-NP-4086/2021	16	-11.6	881	23		29736-29759	240,1058,2829,3036,7200,14407,16615,21845,22319,23402,24431,25562,25967,26884,27602,27687	29736,29737,29738,29739,29740,29741,29742,29743,29744,29745,29746,29747,29748,29749,29750,29751,29752,29753,29754,29755,29756,29757,29758
USA/CUIMC-NP-5359/2021	16	-14.27	899	9		11286-11295	226,240,1058,3036,8835,9866,14407,16499,20261,21574,21845,22319,23011,25562,28868,28974	11286,11287,11288,11289,11290,11291,11292,11293,11294
USA/CUIMC-NP-5479/2021	16	-12.36	79	10		11286-11295,28269-28270	240,1058,3036,9866,14407,16499,20261,21574,21845,22319,23011,23402,23663,25562,28868,28974	11286,11287,11288,11289,11290,11291,11292,11293,11294,28269
USA/NP-3698/2020	16	nan	325	9		11286-11295	240,1058,3036,9866,14407,16499,20261,21574,21845,22319,23011,23402,23663,25562,28868,28974	11286,11287,11288,11289,11290,11291,11292,11293,11294
USA/NP-3987/2020	16	nan	77	10		11286-11295,28269-28270	240,1058,3036,9866,14407,16499,20261,21574,21845,22319,23011,23402,23663,25562,28868,28974	11286,11287,11288,11289,11290,11291,11292,11293,11294,28269
USA/NP-4142/2021	16	nan	28	9		11286-11295	240,1058,3036,9866,14407,16499,20261,21574,21845,22319,23011,23402,23663,25562,28868,28974	11286,11287,11288,11289,11290,11291,11292,11293,11294
USA/NP-4117/2021	16	nan	23	9		11286-11295	240,1058,3036,9866,14407,16499,20261,21574,21845,22319,23011,23402,23663,25562,28868,28974	11286,11287,11288,11289,11290,11291,11292,11293,11294
USA/NP-4909/2021	16	nan	24	9		11286-11295	240,1058,3036,9866,14407,16499,20261,21574,21845,22319,23011,23402,23663,25562,28868,28974	11286,11287,11288,11289,11290,11291,11292,11293,11294
USA/NP-5113/2021	16	nan	759	10		11286-11295,28269-28270	240,1058,3036,8835,9866,14407,16499,20261,21574,21845,22319,23011,23402,23663,25562,25702	11286,11287,11288,11289,11290,11291,11292,11293,11294,28269
USA/CUIMC-NP-3477/2020	15	-9.38	612	0			240,3036,6942,7298,8654,10614,11004,14407,23402,25903,28623,28880,28881,28882,29705	
USA/CUIMC-NP-3510/2020	15	-8.56	542	0			240,681,2699,3036,4731,6705,14407,16322,17183,20267,23402,24075,27846,28602,28853	
USA/CUIMC-NP-3521/2020	15	-9.86	280	0			240,3036,3526,5014,8016,11007,14407,20267,20282,23402,25713,25854,27433,27997,28853	
USA/CUIMC-NP-3524/2020	15	-9.86	24	0			240,1190,1518,3036,9520,10251,14407,20267,23402,24903,26060,28853,29421,29566,29796	
USA/CUIMC-NP-3609/2020	15	-10.07	3275	0			240,1058,1558,3036,5496,9660,14407,18554,23402,25562,25792,28719,28803,28891,28974	
USA/CUIMC-NP-3657/2020	15	-10.41	17	0			240,3036,4527,11883,11911,14407,15449,15539,18485,20267,22161,23402,24991,28853,28935	
USA/CUIMC-NP-3670/2020	15	-10.27	17	0			240,2257,3036,3176,4157,6440,7297,8139,9203,14407,20267,23402,27578,28853,29444	
USA/CUIMC-NP-3676/2020	15	-10.27	17	0			240,1058,1571,3036,10400,11940,14407,15023,16259,17057,19954,23402,25562,27878,28820	
USA/CUIMC-NP-3796/2020	15	-10.68	17	0			192,240,1058,3036,7419,14407,16259,17746,20393,21999,23402,25562,27881,28314,28820	
USA/CUIMC-NP-3972/2020	15	-11.85	1835	0			240,935,2341,3036,3258,3694,11590,14407,17121,18347,21822,23402,28880,28881,28882	
USA/CUIMC-NP-4010/2020	15	-11.99	1323	0			240,935,2341,3036,3258,7868,11590,14407,17121,18347,21822,23402,28880,28881,28882	
USA/CUIMC-NP-4061/2020	15	-11.99	871	10		201-202,11286-11295	240,1058,2454,3036,6079,10304,14407,14633,17501,18554,23402,24927,25562,28891,29094	201,11286,11287,11288,11289,11290,11291,11292,11293,11294
USA/CUIMC-NP-4065/2021	15	-12.4	32	9		11286-11295	240,1058,1101,3036,7200,9866,14407,16499,16793,20261,21057,22319,23402,25562,28974	11286,11287,11288,11289,11290,11291,11292,11293,11294
USA/NP-3581/2020	15	nan	1138	9		11286-11295	240,1058,3036,9866,14407,16499,20261,21574,21845,22319,23011,23402,25562,27924,28310	11286,11287,11288,11289,11290,11291,11292,11293,11294
USA/CUIMC-NP-3345/2020	14	-9.42	23	0			240,345,3036,6617,7944,10740,14407,20267,23402,23603,24075,28853,29265,29709	
USA/CUIMC-NP-3410/2020	14	-9.84	25	0			240,2699,3036,4731,6705,7719,14407,16322,17183,20267,23402,24075,27846,28853	
USA/CUIMC-NP-3455/2020	14	-10.18	2130	0			3036,9111,12438,14407,23276,23402,23592,24367,25564,25623,27241,27629,29331,29750	
USA/CUIMC-NP-3700/2020	14	-11.41	6739	0			240,3036,3258,4083,5146,5811,14407,17121,18347,23402,28880,28881,28882,29773	
USA/CUIMC-NP-4033/2020	14	-13.12	1447	0			240,2257,3036,3176,4157,6440,8139,9203,14407,16727,20267,23402,28853,29444	
USA/CUIMC-NP-4043/2020	14	-13.05	6619	0			240,252,935,2341,3258,4200,8652,11590,17121,18347,28366,28880,28881,28882	
USA/CUIMC-NP-4062/2020	14	-12.92	1097	0			240,3036,8055,13664,14407,15451,18485,20267,21723,22161,23402,25566,28853,29761	
USA/CUIMC-NP-3532/2020	13	-11.86	281	0			240,528,2415,3036,14407,16615,19661,23402,25562,26064,26884,27602,28886	
USA/CUIMC-NP-4037/2020	9	-17.99	660	0			240,3036,7832,14407,23402,23603,28853,29265,29709	
USA/NP-3005/2020	9	nan	26	10		11286-11295,28268-28269	240,1058,3036,14407,20261,21574,21845,23402,25562	11286,11287,11288,11289,11290,11291,11292,11293,11294,28268
USA/CUIMC-NP-4079/2021	8	-19.47	1444	0			240,1058,3036,14407,18423,23402,25562,27963	
USA/CUIMC-NP-4073/2021	8	-19.53	41	9		11286-11295	240,3036,10449,14407,16793,21057,22319,23402	11286,11287,11288,11289,11290,11291,11292,11293,11294
USA/CUIMC-NP-4072/2021	7	-20.53	29	0			240,1058,3036,14407,23402,25562,28868	
USA/CUIMC-NP-4080/2021	6	-21.47	1361	0			240,1058,3036,14407,23402,25562	
USA/CUIMC-NP-3988/2020	5	-21.92	1204	0			240,3036,5139,14407,23402	
